in:Index,out:↓ Highway visibility score,out:↓ Res  area visibility score,out:↑ Mountains visibility score,out:↑ Open view perc,out:↓ Privacy loss score,img_1,img_2,img_3,img_4,img_5,threeD
0,0.606416,0.438511,18.450704,32.949922,0.75971,Index0_Highway-view.png,Index0_Neighbor-view.png,Index0_Mountain view.png,Index0_Range-view.png,Index0_Privacy-view.png,Index0.json
1,0.588485,0.440141,17.183099,32.104851,1.451311,Index1_Highway-view.png,Index1_Neighbor-view.png,Index1_Mountain view.png,Index1_Range-view.png,Index1_Privacy-view.png,Index1.json
2,0.588485,0.440141,17.183099,32.104851,1.451311,Index1_Highway-view.png,Index1_Neighbor-view.png,Index1_Mountain view.png,Index1_Range-view.png,Index1_Privacy-view.png,Index1.json
3,0.629238,0.43525,17.464789,31.98748,1.987048,Index3_Highway-view.png,Index3_Neighbor-view.png,Index3_Mountain view.png,Index3_Range-view.png,Index3_Privacy-view.png,Index3.json
4,0.578704,0.445031,18.028169,32.331768,1.727953,Index4_Highway-view.png,Index4_Neighbor-view.png,Index4_Mountain view.png,Index4_Range-view.png,Index4_Privacy-view.png,Index4.json
5,0.599896,0.404278,15.821596,30.876369,1.075508,Index5_Highway-view.png,Index5_Neighbor-view.png,Index5_Mountain view.png,Index5_Range-view.png,Index5_Privacy-view.png,Index5.json
6,0.575443,0.353743,15.978091,30.438185,1.541961,Index6_Highway-view.png,Index6_Neighbor-view.png,Index6_Mountain view.png,Index6_Range-view.png,Index6_Privacy-view.png,Index6.json
7,0.625978,0.4271,18.215962,33.255086,0.871625,Index7_Highway-view.png,Index7_Neighbor-view.png,Index7_Mountain view.png,Index7_Range-view.png,Index7_Privacy-view.png,Index7.json
8,0.601526,0.423839,16.729264,31.815336,1.563752,Index8_Highway-view.png,Index8_Neighbor-view.png,Index8_Mountain view.png,Index8_Range-view.png,Index8_Privacy-view.png,Index8.json
9,0.497196,0.43362,17.605634,31.541471,1.336612,Index9_Highway-view.png,Index9_Neighbor-view.png,Index9_Mountain view.png,Index9_Range-view.png,Index9_Privacy-view.png,Index9.json
10,0.568923,0.378195,16.118936,30.907668,1.68034,Index10_Highway-view.png,Index10_Neighbor-view.png,Index10_Mountain view.png,Index10_Range-view.png,Index10_Privacy-view.png,Index10.json
11,0.528169,0.394497,16.964006,29.968701,2.789926,Index11_Highway-view.png,Index11_Neighbor-view.png,Index11_Mountain view.png,Index11_Range-view.png,Index11_Privacy-view.png,Index11.json
12,0.573813,0.443401,16.932707,32.902973,0.792976,Index12_Highway-view.png,Index12_Neighbor-view.png,Index12_Mountain view.png,Index12_Range-view.png,Index12_Privacy-view.png,Index12.json
13,0.458073,0.440141,17.41784,31.181534,1.753335,Index13_Highway-view.png,Index13_Neighbor-view.png,Index13_Mountain view.png,Index13_Range-view.png,Index13_Privacy-view.png,Index13.json
14,0.585224,0.392866,16.666667,31.596244,1.652081,Index14_Highway-view.png,Index14_Neighbor-view.png,Index14_Mountain view.png,Index14_Range-view.png,Index14_Privacy-view.png,Index14.json
15,0.627608,0.438511,17.292645,33.075117,1.216915,Index15_Highway-view.png,Index15_Neighbor-view.png,Index15_Mountain view.png,Index15_Range-view.png,Index15_Privacy-view.png,Index15.json
16,0.581964,0.392866,16.494523,31.43975,1.603967,Index16_Highway-view.png,Index16_Neighbor-view.png,Index16_Mountain view.png,Index16_Range-view.png,Index16_Privacy-view.png,Index16.json
17,0.598266,0.4271,16.212833,30.915493,1.77682,Index17_Highway-view.png,Index17_Neighbor-view.png,Index17_Mountain view.png,Index17_Range-view.png,Index17_Privacy-view.png,Index17.json
18,0.586854,0.366784,16.150235,30.203443,2.504704,Index18_Highway-view.png,Index18_Neighbor-view.png,Index18_Mountain view.png,Index18_Range-view.png,Index18_Privacy-view.png,Index18.json
19,0.634129,0.422209,17.71518,32.089202,1.553092,Index19_Highway-view.png,Index19_Neighbor-view.png,Index19_Mountain view.png,Index19_Range-view.png,Index19_Privacy-view.png,Index19.json
20,0.596635,0.417319,16.85446,33.028169,1.014453,Index20_Highway-view.png,Index20_Neighbor-view.png,Index20_Mountain view.png,Index20_Range-view.png,Index20_Privacy-view.png,Index20.json
21,0.546101,0.423839,17.621283,31.627543,1.426168,Index21_Highway-view.png,Index21_Neighbor-view.png,Index21_Mountain view.png,Index21_Range-view.png,Index21_Privacy-view.png,Index21.json
22,0.578704,0.396127,16.682316,30.649452,1.835802,Index22_Highway-view.png,Index22_Neighbor-view.png,Index22_Mountain view.png,Index22_Range-view.png,Index22_Privacy-view.png,Index22.json
23,0.570553,0.366784,16.651017,30.219092,2.35856,Index23_Highway-view.png,Index23_Neighbor-view.png,Index23_Mountain view.png,Index23_Range-view.png,Index23_Privacy-view.png,Index23.json
24,0.53795,0.422209,17.887324,32.128326,1.171397,Index24_Highway-view.png,Index24_Neighbor-view.png,Index24_Mountain view.png,Index24_Range-view.png,Index24_Privacy-view.png,Index24.json
25,0.480895,0.440141,16.306729,30.336463,1.878175,Index25_Highway-view.png,Index25_Neighbor-view.png,Index25_Mountain view.png,Index25_Range-view.png,Index25_Privacy-view.png,Index25.json
26,0.531429,0.42873,17.699531,31.862285,1.973697,Index26_Highway-view.png,Index26_Neighbor-view.png,Index26_Mountain view.png,Index26_Range-view.png,Index26_Privacy-view.png,Index26.json
27,0.586854,0.423839,16.29108,31.611894,1.221248,Index27_Highway-view.png,Index27_Neighbor-view.png,Index27_Mountain view.png,Index27_Range-view.png,Index27_Privacy-view.png,Index27.json
28,0.523279,0.376565,16.682316,29.452269,2.194401,Index28_Highway-view.png,Index28_Neighbor-view.png,Index28_Mountain view.png,Index28_Range-view.png,Index28_Privacy-view.png,Index28.json
29,0.570553,0.412428,17.809077,31.322379,1.637245,Index29_Highway-view.png,Index29_Neighbor-view.png,Index29_Mountain view.png,Index29_Range-view.png,Index29_Privacy-view.png,Index29.json
30,0.590115,0.384716,17.1518,30.774648,2.601338,Index30_Highway-view.png,Index30_Neighbor-view.png,Index30_Mountain view.png,Index30_Range-view.png,Index30_Privacy-view.png,Index30.json
31,0.544471,0.415689,16.087637,31.103286,1.916297,Index31_Highway-view.png,Index31_Neighbor-view.png,Index31_Mountain view.png,Index31_Range-view.png,Index31_Privacy-view.png,Index31.json
32,0.516758,0.401017,17.010955,30.078247,1.850078,Index32_Highway-view.png,Index32_Neighbor-view.png,Index32_Mountain view.png,Index32_Range-view.png,Index32_Privacy-view.png,Index32.json
33,0.533059,0.366784,16.979656,30.492958,2.557494,Index33_Highway-view.png,Index33_Neighbor-view.png,Index33_Mountain view.png,Index33_Range-view.png,Index33_Privacy-view.png,Index33.json
34,0.601526,0.407538,16.635368,31.862285,1.458806,Index34_Highway-view.png,Index34_Neighbor-view.png,Index34_Mountain view.png,Index34_Range-view.png,Index34_Privacy-view.png,Index34.json
35,0.580334,0.441771,17.543036,31.674491,0.979216,Index35_Highway-view.png,Index35_Neighbor-view.png,Index35_Mountain view.png,Index35_Range-view.png,Index35_Privacy-view.png,Index35.json
36,0.520018,0.43525,16.901408,32.355243,1.585833,Index36_Highway-view.png,Index36_Neighbor-view.png,Index36_Mountain view.png,Index36_Range-view.png,Index36_Privacy-view.png,Index36.json
37,0.53632,0.42873,16.150235,31.150235,1.089953,Index37_Highway-view.png,Index37_Neighbor-view.png,Index37_Mountain view.png,Index37_Range-view.png,Index37_Privacy-view.png,Index37.json
38,0.493936,0.423839,16.85446,30.399061,3.33347,Index38_Highway-view.png,Index38_Neighbor-view.png,Index38_Mountain view.png,Index38_Range-view.png,Index38_Privacy-view.png,Index38.json
39,0.583594,0.384716,15.618153,29.804382,1.898542,Index39_Highway-view.png,Index39_Neighbor-view.png,Index39_Mountain view.png,Index39_Range-view.png,Index39_Privacy-view.png,Index39.json
40,0.606416,0.392866,16.00939,30.062598,2.229811,Index40_Highway-view.png,Index40_Neighbor-view.png,Index40_Mountain view.png,Index40_Range-view.png,Index40_Privacy-view.png,Index40.json
41,0.560772,0.405908,17.13615,30.657277,1.978979,Index41_Highway-view.png,Index41_Neighbor-view.png,Index41_Mountain view.png,Index41_Range-view.png,Index41_Privacy-view.png,Index41.json
42,0.614567,0.384716,16.57277,31.00939,1.476456,Index42_Highway-view.png,Index42_Neighbor-view.png,Index42_Mountain view.png,Index42_Range-view.png,Index42_Privacy-view.png,Index42.json
43,0.603156,0.445031,18.059468,33.599374,1.249335,Index43_Highway-view.png,Index43_Neighbor-view.png,Index43_Mountain view.png,Index43_Range-view.png,Index43_Privacy-view.png,Index43.json
44,0.572183,0.397757,17.527387,31.220657,1.819699,Index44_Highway-view.png,Index44_Neighbor-view.png,Index44_Mountain view.png,Index44_Range-view.png,Index44_Privacy-view.png,Index44.json
45,0.585224,0.422209,15.805947,31.29108,1.201893,Index45_Highway-view.png,Index45_Neighbor-view.png,Index45_Mountain view.png,Index45_Range-view.png,Index45_Privacy-view.png,Index45.json
46,0.608046,0.394497,16.056338,30.219092,2.242567,Index46_Highway-view.png,Index46_Neighbor-view.png,Index46_Mountain view.png,Index46_Range-view.png,Index46_Privacy-view.png,Index46.json
47,0.612937,0.409168,18.153365,33.004695,0.958857,Index47_Highway-view.png,Index47_Neighbor-view.png,Index47_Mountain view.png,Index47_Range-view.png,Index47_Privacy-view.png,Index47.json
48,0.577074,0.396127,15.805947,30.657277,2.651534,Index48_Highway-view.png,Index48_Neighbor-view.png,Index48_Mountain view.png,Index48_Range-view.png,Index48_Privacy-view.png,Index48.json
49,0.586854,0.383086,15.305164,29.334898,2.098725,Index49_Highway-view.png,Index49_Neighbor-view.png,Index49_Mountain view.png,Index49_Range-view.png,Index49_Privacy-view.png,Index49.json
50,0.546101,0.4271,16.948357,32.535211,1.083035,Index50_Highway-view.png,Index50_Neighbor-view.png,Index50_Mountain view.png,Index50_Range-view.png,Index50_Privacy-view.png,Index50.json
51,0.546101,0.4271,16.948357,32.535211,1.083035,Index50_Highway-view.png,Index50_Neighbor-view.png,Index50_Mountain view.png,Index50_Range-view.png,Index50_Privacy-view.png,Index50.json
52,0.601526,0.397757,18.075117,32.120501,1.633662,Index52_Highway-view.png,Index52_Neighbor-view.png,Index52_Mountain view.png,Index52_Range-view.png,Index52_Privacy-view.png,Index52.json
53,0.601526,0.396127,17.261346,32.56651,0.854706,Index53_Highway-view.png,Index53_Neighbor-view.png,Index53_Mountain view.png,Index53_Range-view.png,Index53_Privacy-view.png,Index53.json
54,0.567293,0.4271,16.384977,31.384977,2.042823,Index54_Highway-view.png,Index54_Neighbor-view.png,Index54_Mountain view.png,Index54_Range-view.png,Index54_Privacy-view.png,Index54.json
55,0.547731,0.401017,17.026604,31.173709,1.950809,Index55_Highway-view.png,Index55_Neighbor-view.png,Index55_Mountain view.png,Index55_Range-view.png,Index55_Privacy-view.png,Index55.json
56,0.586854,0.422209,17.13615,32.683881,1.017642,Index56_Highway-view.png,Index56_Neighbor-view.png,Index56_Mountain view.png,Index56_Range-view.png,Index56_Privacy-view.png,Index56.json
57,0.612937,0.401017,16.400626,31.197183,1.971242,Index57_Highway-view.png,Index57_Neighbor-view.png,Index57_Mountain view.png,Index57_Range-view.png,Index57_Privacy-view.png,Index57.json
58,0.498826,0.438511,17.558685,30.978091,1.780291,Index58_Highway-view.png,Index58_Neighbor-view.png,Index58_Mountain view.png,Index58_Range-view.png,Index58_Privacy-view.png,Index58.json
59,0.590115,0.378195,16.087637,30.43036,2.094158,Index59_Highway-view.png,Index59_Neighbor-view.png,Index59_Mountain view.png,Index59_Range-view.png,Index59_Privacy-view.png,Index59.json
60,0.581964,0.32603,17.276995,30.719875,2.046247,Index60_Highway-view.png,Index60_Neighbor-view.png,Index60_Mountain view.png,Index60_Range-view.png,Index60_Privacy-view.png,Index60.json
61,0.518388,0.449922,17.214397,31.830986,1.331681,Index61_Highway-view.png,Index61_Neighbor-view.png,Index61_Mountain view.png,Index61_Range-view.png,Index61_Privacy-view.png,Index61.json
62,0.560772,0.384716,17.104851,32.112676,1.158709,Index62_Highway-view.png,Index62_Neighbor-view.png,Index62_Mountain view.png,Index62_Range-view.png,Index62_Privacy-view.png,Index62.json
63,0.617827,0.425469,17.480438,32.973396,0.861296,Index63_Highway-view.png,Index63_Neighbor-view.png,Index63_Mountain view.png,Index63_Range-view.png,Index63_Privacy-view.png,Index63.json
64,0.586854,0.401017,17.355243,31.103286,1.63242,Index64_Highway-view.png,Index64_Neighbor-view.png,Index64_Mountain view.png,Index64_Range-view.png,Index64_Privacy-view.png,Index64.json
65,0.653691,0.383086,17.1518,31.181534,2.281655,Index65_Highway-view.png,Index65_Neighbor-view.png,Index65_Mountain view.png,Index65_Range-view.png,Index65_Privacy-view.png,Index65.json
66,0.586854,0.425469,16.823161,31.901408,1.135228,Index66_Highway-view.png,Index66_Neighbor-view.png,Index66_Mountain view.png,Index66_Range-view.png,Index66_Privacy-view.png,Index66.json
67,0.586854,0.425469,16.823161,31.901408,1.135228,Index66_Highway-view.png,Index66_Neighbor-view.png,Index66_Mountain view.png,Index66_Range-view.png,Index66_Privacy-view.png,Index66.json
68,0.575443,0.440141,17.402191,32.253521,1.235966,Index68_Highway-view.png,Index68_Neighbor-view.png,Index68_Mountain view.png,Index68_Range-view.png,Index68_Privacy-view.png,Index68.json
69,0.477634,0.401017,17.292645,30.688576,2.570521,Index69_Highway-view.png,Index69_Neighbor-view.png,Index69_Mountain view.png,Index69_Range-view.png,Index69_Privacy-view.png,Index69.json
70,0.546101,0.440141,16.807512,31.361502,1.675784,Index70_Highway-view.png,Index70_Neighbor-view.png,Index70_Mountain view.png,Index70_Range-view.png,Index70_Privacy-view.png,Index70.json
71,0.653691,0.410798,17.496088,32.43349,1.505655,Index71_Highway-view.png,Index71_Neighbor-view.png,Index71_Mountain view.png,Index71_Range-view.png,Index71_Privacy-view.png,Index71.json
72,0.565662,0.357003,15.555556,29.319249,2.420711,Index72_Highway-view.png,Index72_Neighbor-view.png,Index72_Mountain view.png,Index72_Range-view.png,Index72_Privacy-view.png,Index72.json
73,0.630869,0.418949,17.856025,32.519562,1.085594,Index73_Highway-view.png,Index73_Neighbor-view.png,Index73_Mountain view.png,Index73_Range-view.png,Index73_Privacy-view.png,Index73.json
74,0.533059,0.394497,15.586854,29.874804,2.014853,Index74_Highway-view.png,Index74_Neighbor-view.png,Index74_Mountain view.png,Index74_Range-view.png,Index74_Privacy-view.png,Index74.json
75,0.581964,0.422209,16.85446,31.674491,1.190678,Index75_Highway-view.png,Index75_Neighbor-view.png,Index75_Mountain view.png,Index75_Range-view.png,Index75_Privacy-view.png,Index75.json
76,0.568923,0.43362,16.948357,32.128326,1.089707,Index76_Highway-view.png,Index76_Neighbor-view.png,Index76_Mountain view.png,Index76_Range-view.png,Index76_Privacy-view.png,Index76.json
77,0.552621,0.42873,18.059468,32.527387,1.391223,Index77_Highway-view.png,Index77_Neighbor-view.png,Index77_Mountain view.png,Index77_Range-view.png,Index77_Privacy-view.png,Index77.json
78,0.529799,0.401017,17.308294,30.485133,2.353052,Index78_Highway-view.png,Index78_Neighbor-view.png,Index78_Mountain view.png,Index78_Range-view.png,Index78_Privacy-view.png,Index78.json
79,0.606416,0.418949,16.103286,30.696401,2.163022,Index79_Highway-view.png,Index79_Neighbor-view.png,Index79_Mountain view.png,Index79_Range-view.png,Index79_Privacy-view.png,Index79.json
80,0.555882,0.394497,16.588419,32.057903,1.848402,Index80_Highway-view.png,Index80_Neighbor-view.png,Index80_Mountain view.png,Index80_Range-view.png,Index80_Privacy-view.png,Index80.json
81,0.554251,0.401017,16.619718,30.485133,1.201558,Index81_Highway-view.png,Index81_Neighbor-view.png,Index81_Mountain view.png,Index81_Range-view.png,Index81_Privacy-view.png,Index81.json
82,0.564032,0.401017,15.915493,30.868545,1.729188,Index82_Highway-view.png,Index82_Neighbor-view.png,Index82_Mountain view.png,Index82_Range-view.png,Index82_Privacy-view.png,Index82.json
83,0.585224,0.399387,16.838811,31.197183,1.339607,Index83_Highway-view.png,Index83_Neighbor-view.png,Index83_Mountain view.png,Index83_Range-view.png,Index83_Privacy-view.png,Index83.json
84,0.577074,0.391236,16.353678,31.510172,1.911523,Index84_Highway-view.png,Index84_Neighbor-view.png,Index84_Mountain view.png,Index84_Range-view.png,Index84_Privacy-view.png,Index84.json
85,0.54284,0.423839,18.200313,32.276995,1.233091,Index85_Highway-view.png,Index85_Neighbor-view.png,Index85_Mountain view.png,Index85_Range-view.png,Index85_Privacy-view.png,Index85.json
86,0.53795,0.43199,16.807512,30.672926,1.939295,Index86_Highway-view.png,Index86_Neighbor-view.png,Index86_Mountain view.png,Index86_Range-view.png,Index86_Privacy-view.png,Index86.json
87,0.562402,0.42873,17.449139,32.034429,1.246561,Index87_Highway-view.png,Index87_Neighbor-view.png,Index87_Mountain view.png,Index87_Range-view.png,Index87_Privacy-view.png,Index87.json
88,0.502087,0.446661,16.885759,30.907668,1.303632,Index88_Highway-view.png,Index88_Neighbor-view.png,Index88_Mountain view.png,Index88_Range-view.png,Index88_Privacy-view.png,Index88.json
89,0.564032,0.389606,16.306729,31.57277,1.069641,Index89_Highway-view.png,Index89_Neighbor-view.png,Index89_Mountain view.png,Index89_Range-view.png,Index89_Privacy-view.png,Index89.json
90,0.617827,0.43199,17.668232,32.550861,0.841792,Index90_Highway-view.png,Index90_Neighbor-view.png,Index90_Mountain view.png,Index90_Range-view.png,Index90_Privacy-view.png,Index90.json
91,0.586854,0.389606,15.524257,30.101721,1.204647,Index91_Highway-view.png,Index91_Neighbor-view.png,Index91_Mountain view.png,Index91_Range-view.png,Index91_Privacy-view.png,Index91.json
92,0.529799,0.412428,17.104851,30.453834,2.186991,Index92_Highway-view.png,Index92_Neighbor-view.png,Index92_Mountain view.png,Index92_Range-view.png,Index92_Privacy-view.png,Index92.json
93,0.629238,0.415689,17.71518,32.128326,1.274916,Index93_Highway-view.png,Index93_Neighbor-view.png,Index93_Mountain view.png,Index93_Range-view.png,Index93_Privacy-view.png,Index93.json
94,0.533059,0.418949,16.807512,31.205008,1.623806,Index94_Highway-view.png,Index94_Neighbor-view.png,Index94_Mountain view.png,Index94_Range-view.png,Index94_Privacy-view.png,Index94.json
95,0.564032,0.420579,18.169014,32.183099,1.455145,Index95_Highway-view.png,Index95_Neighbor-view.png,Index95_Mountain view.png,Index95_Range-view.png,Index95_Privacy-view.png,Index95.json
96,0.564032,0.454812,16.604069,32.605634,0.937709,Index96_Highway-view.png,Index96_Neighbor-view.png,Index96_Mountain view.png,Index96_Range-view.png,Index96_Privacy-view.png,Index96.json
97,0.568923,0.402647,16.776213,31.862285,1.972566,Index97_Highway-view.png,Index97_Neighbor-view.png,Index97_Mountain view.png,Index97_Range-view.png,Index97_Privacy-view.png,Index97.json
98,0.581964,0.404278,17.683881,31.408451,1.599423,Index98_Highway-view.png,Index98_Neighbor-view.png,Index98_Mountain view.png,Index98_Range-view.png,Index98_Privacy-view.png,Index98.json
99,0.604786,0.407538,16.588419,31.463224,1.268649,Index99_Highway-view.png,Index99_Neighbor-view.png,Index99_Mountain view.png,Index99_Range-view.png,Index99_Privacy-view.png,Index99.json
100,0.593375,0.423839,16.885759,31.752739,1.32986,Index100_Highway-view.png,Index100_Neighbor-view.png,Index100_Mountain view.png,Index100_Range-view.png,Index100_Privacy-view.png,Index100.json
101,0.577074,0.443401,17.245696,33.505477,1.026791,Index101_Highway-view.png,Index101_Neighbor-view.png,Index101_Mountain view.png,Index101_Range-view.png,Index101_Privacy-view.png,Index101.json
102,0.565662,0.410798,16.150235,30.383412,1.627178,Index102_Highway-view.png,Index102_Neighbor-view.png,Index102_Mountain view.png,Index102_Range-view.png,Index102_Privacy-view.png,Index102.json
103,0.624348,0.407538,16.416275,32.769953,0.873455,Index103_Highway-view.png,Index103_Neighbor-view.png,Index103_Mountain view.png,Index103_Range-view.png,Index103_Privacy-view.png,Index103.json
104,0.568923,0.42873,17.934272,32.120501,1.545619,Index104_Highway-view.png,Index104_Neighbor-view.png,Index104_Mountain view.png,Index104_Range-view.png,Index104_Privacy-view.png,Index104.json
105,0.586854,0.401017,16.885759,31.940532,0.906112,Index105_Highway-view.png,Index105_Neighbor-view.png,Index105_Mountain view.png,Index105_Range-view.png,Index105_Privacy-view.png,Index105.json
106,0.53958,0.368414,16.431925,30.258216,1.940673,Index106_Highway-view.png,Index106_Neighbor-view.png,Index106_Mountain view.png,Index106_Range-view.png,Index106_Privacy-view.png,Index106.json
107,0.531429,0.414058,15.899844,31.087637,1.451258,Index107_Highway-view.png,Index107_Neighbor-view.png,Index107_Mountain view.png,Index107_Range-view.png,Index107_Privacy-view.png,Index107.json
108,0.550991,0.418949,16.87011,31.298905,1.235228,Index108_Highway-view.png,Index108_Neighbor-view.png,Index108_Mountain view.png,Index108_Range-view.png,Index108_Privacy-view.png,Index108.json
109,0.590115,0.397757,16.338028,31.353678,1.316407,Index109_Highway-view.png,Index109_Neighbor-view.png,Index109_Mountain view.png,Index109_Range-view.png,Index109_Privacy-view.png,Index109.json
110,0.500456,0.376565,17.167449,30.140845,2.52422,Index110_Highway-view.png,Index110_Neighbor-view.png,Index110_Mountain view.png,Index110_Range-view.png,Index110_Privacy-view.png,Index110.json
111,0.586854,0.384716,17.026604,31.259781,2.221999,Index111_Highway-view.png,Index111_Neighbor-view.png,Index111_Mountain view.png,Index111_Range-view.png,Index111_Privacy-view.png,Index111.json
112,0.490676,0.42873,16.181534,30.117371,2.230019,Index112_Highway-view.png,Index112_Neighbor-view.png,Index112_Mountain view.png,Index112_Range-view.png,Index112_Privacy-view.png,Index112.json
113,0.598266,0.412428,17.809077,31.744914,1.526021,Index113_Highway-view.png,Index113_Neighbor-view.png,Index113_Mountain view.png,Index113_Range-view.png,Index113_Privacy-view.png,Index113.json
114,0.555882,0.374935,16.040689,29.522692,2.485092,Index114_Highway-view.png,Index114_Neighbor-view.png,Index114_Mountain view.png,Index114_Range-view.png,Index114_Privacy-view.png,Index114.json
115,0.622718,0.373305,17.089202,30.187793,2.227304,Index115_Highway-view.png,Index115_Neighbor-view.png,Index115_Mountain view.png,Index115_Range-view.png,Index115_Privacy-view.png,Index115.json
116,0.557512,0.443401,17.167449,31.29108,1.069586,Index116_Highway-view.png,Index116_Neighbor-view.png,Index116_Mountain view.png,Index116_Range-view.png,Index116_Privacy-view.png,Index116.json
117,0.54121,0.353743,15.774648,29.444444,2.512484,Index117_Highway-view.png,Index117_Neighbor-view.png,Index117_Mountain view.png,Index117_Range-view.png,Index117_Privacy-view.png,Index117.json
118,0.621088,0.407538,17.589984,32.1518,1.242245,Index118_Highway-view.png,Index118_Neighbor-view.png,Index118_Mountain view.png,Index118_Range-view.png,Index118_Privacy-view.png,Index118.json
119,0.609677,0.401017,17.589984,31.57277,2.15012,Index119_Highway-view.png,Index119_Neighbor-view.png,Index119_Mountain view.png,Index119_Range-view.png,Index119_Privacy-view.png,Index119.json
120,0.578704,0.43525,16.823161,32.253521,1.124906,Index120_Highway-view.png,Index120_Neighbor-view.png,Index120_Mountain view.png,Index120_Range-view.png,Index120_Privacy-view.png,Index120.json
121,0.595005,0.394497,17.902973,32.402191,1.297238,Index121_Highway-view.png,Index121_Neighbor-view.png,Index121_Mountain view.png,Index121_Range-view.png,Index121_Privacy-view.png,Index121.json
122,0.518388,0.418949,16.917058,31.525822,1.6432,Index122_Highway-view.png,Index122_Neighbor-view.png,Index122_Mountain view.png,Index122_Range-view.png,Index122_Privacy-view.png,Index122.json
123,0.624348,0.440141,17.809077,32.981221,1.20689,Index123_Highway-view.png,Index123_Neighbor-view.png,Index123_Mountain view.png,Index123_Range-view.png,Index123_Privacy-view.png,Index123.json
124,0.583594,0.397757,16.995305,32.410016,1.272993,Index124_Highway-view.png,Index124_Neighbor-view.png,Index124_Mountain view.png,Index124_Range-view.png,Index124_Privacy-view.png,Index124.json
125,0.533059,0.438511,17.558685,32.511737,0.893651,Index125_Highway-view.png,Index125_Neighbor-view.png,Index125_Mountain view.png,Index125_Range-view.png,Index125_Privacy-view.png,Index125.json
126,0.520018,0.391236,16.165884,28.755869,1.673818,Index126_Highway-view.png,Index126_Neighbor-view.png,Index126_Mountain view.png,Index126_Range-view.png,Index126_Privacy-view.png,Index126.json
127,0.554251,0.423839,17.386541,31.220657,1.904502,Index127_Highway-view.png,Index127_Neighbor-view.png,Index127_Mountain view.png,Index127_Range-view.png,Index127_Privacy-view.png,Index127.json
128,0.588485,0.43525,16.807512,32.018779,1.306499,Index128_Highway-view.png,Index128_Neighbor-view.png,Index128_Mountain view.png,Index128_Range-view.png,Index128_Privacy-view.png,Index128.json
129,0.573813,0.407538,17.230047,30.618153,1.643861,Index129_Highway-view.png,Index129_Neighbor-view.png,Index129_Mountain view.png,Index129_Range-view.png,Index129_Privacy-view.png,Index129.json
130,0.54284,0.410798,16.604069,30.14867,2.772203,Index130_Highway-view.png,Index130_Neighbor-view.png,Index130_Mountain view.png,Index130_Range-view.png,Index130_Privacy-view.png,Index130.json
131,0.508607,0.436881,17.183099,31.205008,1.570149,Index131_Highway-view.png,Index131_Neighbor-view.png,Index131_Mountain view.png,Index131_Range-view.png,Index131_Privacy-view.png,Index131.json
132,0.575443,0.440141,17.652582,33.067293,0.647341,Index132_Highway-view.png,Index132_Neighbor-view.png,Index132_Mountain view.png,Index132_Range-view.png,Index132_Privacy-view.png,Index132.json
133,0.603156,0.420579,17.589984,32.253521,1.38404,Index133_Highway-view.png,Index133_Neighbor-view.png,Index133_Mountain view.png,Index133_Range-view.png,Index133_Privacy-view.png,Index133.json
134,0.557512,0.342332,16.416275,30.602504,1.880049,Index134_Highway-view.png,Index134_Neighbor-view.png,Index134_Mountain view.png,Index134_Range-view.png,Index134_Privacy-view.png,Index134.json
135,0.560772,0.384716,16.57277,31.384977,1.960191,Index135_Highway-view.png,Index135_Neighbor-view.png,Index135_Mountain view.png,Index135_Range-view.png,Index135_Privacy-view.png,Index135.json
136,0.573813,0.394497,16.400626,30.610329,2.562665,Index136_Highway-view.png,Index136_Neighbor-view.png,Index136_Mountain view.png,Index136_Range-view.png,Index136_Privacy-view.png,Index136.json
137,0.567293,0.4271,16.29108,30.633803,1.842989,Index137_Highway-view.png,Index137_Neighbor-view.png,Index137_Mountain view.png,Index137_Range-view.png,Index137_Privacy-view.png,Index137.json
138,0.495566,0.456442,17.934272,32.769953,1.230202,Index138_Highway-view.png,Index138_Neighbor-view.png,Index138_Mountain view.png,Index138_Range-view.png,Index138_Privacy-view.png,Index138.json
139,0.560772,0.397757,17.276995,30.876369,2.506138,Index139_Highway-view.png,Index139_Neighbor-view.png,Index139_Mountain view.png,Index139_Range-view.png,Index139_Privacy-view.png,Index139.json
140,0.609677,0.391236,15.962441,30.735524,2.338294,Index140_Highway-view.png,Index140_Neighbor-view.png,Index140_Mountain view.png,Index140_Range-view.png,Index140_Privacy-view.png,Index140.json
141,0.599896,0.396127,15.477308,29.890454,2.003778,Index141_Highway-view.png,Index141_Neighbor-view.png,Index141_Mountain view.png,Index141_Range-view.png,Index141_Privacy-view.png,Index141.json
142,0.586854,0.379825,15.868545,31.27543,1.124565,Index142_Highway-view.png,Index142_Neighbor-view.png,Index142_Mountain view.png,Index142_Range-view.png,Index142_Privacy-view.png,Index142.json
143,0.612937,0.441771,18.028169,32.503912,1.248584,Index143_Highway-view.png,Index143_Neighbor-view.png,Index143_Mountain view.png,Index143_Range-view.png,Index143_Privacy-view.png,Index143.json
144,0.490676,0.453182,17.636933,31.995305,1.050015,Index144_Highway-view.png,Index144_Neighbor-view.png,Index144_Mountain view.png,Index144_Range-view.png,Index144_Privacy-view.png,Index144.json
145,0.510237,0.417319,17.13615,31.752739,1.249891,Index145_Highway-view.png,Index145_Neighbor-view.png,Index145_Mountain view.png,Index145_Range-view.png,Index145_Privacy-view.png,Index145.json
146,0.54121,0.415689,17.339593,31.14241,1.81287,Index146_Highway-view.png,Index146_Neighbor-view.png,Index146_Mountain view.png,Index146_Range-view.png,Index146_Privacy-view.png,Index146.json
147,0.53958,0.423839,17.730829,31.408451,1.514673,Index147_Highway-view.png,Index147_Neighbor-view.png,Index147_Mountain view.png,Index147_Range-view.png,Index147_Privacy-view.png,Index147.json
148,0.498826,0.397757,16.384977,29.467919,3.20021,Index148_Highway-view.png,Index148_Neighbor-view.png,Index148_Mountain view.png,Index148_Range-view.png,Index148_Privacy-view.png,Index148.json
149,0.588485,0.404278,16.071987,31.032864,1.911455,Index149_Highway-view.png,Index149_Neighbor-view.png,Index149_Mountain view.png,Index149_Range-view.png,Index149_Privacy-view.png,Index149.json
150,0.583594,0.42873,16.400626,31.541471,1.416374,Index150_Highway-view.png,Index150_Neighbor-view.png,Index150_Mountain view.png,Index150_Range-view.png,Index150_Privacy-view.png,Index150.json
151,0.614567,0.376565,16.384977,31.283255,1.280964,Index151_Highway-view.png,Index151_Neighbor-view.png,Index151_Mountain view.png,Index151_Range-view.png,Index151_Privacy-view.png,Index151.json
152,0.588485,0.436881,16.729264,32.535211,1.128792,Index152_Highway-view.png,Index152_Neighbor-view.png,Index152_Mountain view.png,Index152_Range-view.png,Index152_Privacy-view.png,Index152.json
153,0.617827,0.443401,17.793427,32.942097,1.007043,Index153_Highway-view.png,Index153_Neighbor-view.png,Index153_Mountain view.png,Index153_Range-view.png,Index153_Privacy-view.png,Index153.json
154,0.568923,0.374935,16.212833,30.078247,1.695453,Index154_Highway-view.png,Index154_Neighbor-view.png,Index154_Mountain view.png,Index154_Range-view.png,Index154_Privacy-view.png,Index154.json
155,0.596635,0.397757,16.431925,30.931142,1.512897,Index155_Highway-view.png,Index155_Neighbor-view.png,Index155_Mountain view.png,Index155_Range-view.png,Index155_Privacy-view.png,Index155.json
156,0.619457,0.414058,16.964006,30.766823,2.250696,Index156_Highway-view.png,Index156_Neighbor-view.png,Index156_Mountain view.png,Index156_Range-view.png,Index156_Privacy-view.png,Index156.json
157,0.562402,0.396127,16.165884,31.345853,1.744513,Index157_Highway-view.png,Index157_Neighbor-view.png,Index157_Mountain view.png,Index157_Range-view.png,Index157_Privacy-view.png,Index157.json
158,0.568923,0.414058,16.776213,32.198748,1.026175,Index158_Highway-view.png,Index158_Neighbor-view.png,Index158_Mountain view.png,Index158_Range-view.png,Index158_Privacy-view.png,Index158.json
159,0.586854,0.378195,15.696401,29.366197,2.771414,Index159_Highway-view.png,Index159_Neighbor-view.png,Index159_Mountain view.png,Index159_Range-view.png,Index159_Privacy-view.png,Index159.json
160,0.573813,0.384716,17.1518,32.13615,1.107108,Index160_Highway-view.png,Index160_Neighbor-view.png,Index160_Mountain view.png,Index160_Range-view.png,Index160_Privacy-view.png,Index160.json
161,0.572183,0.412428,15.805947,31.032864,1.541958,Index161_Highway-view.png,Index161_Neighbor-view.png,Index161_Mountain view.png,Index161_Range-view.png,Index161_Privacy-view.png,Index161.json
162,0.622718,0.391236,17.652582,31.917058,1.417491,Index162_Highway-view.png,Index162_Neighbor-view.png,Index162_Mountain view.png,Index162_Range-view.png,Index162_Privacy-view.png,Index162.json
163,0.557512,0.347222,16.025039,30.023474,2.402117,Index163_Highway-view.png,Index163_Neighbor-view.png,Index163_Mountain view.png,Index163_Range-view.png,Index163_Privacy-view.png,Index163.json
164,0.570553,0.387976,15.571205,29.342723,2.406437,Index164_Highway-view.png,Index164_Neighbor-view.png,Index164_Mountain view.png,Index164_Range-view.png,Index164_Privacy-view.png,Index164.json
165,0.586854,0.43036,16.682316,31.651017,1.562835,Index165_Highway-view.png,Index165_Neighbor-view.png,Index165_Mountain view.png,Index165_Range-view.png,Index165_Privacy-view.png,Index165.json
166,0.581964,0.399387,16.964006,31.635368,0.90416,Index166_Highway-view.png,Index166_Neighbor-view.png,Index166_Mountain view.png,Index166_Range-view.png,Index166_Privacy-view.png,Index166.json
167,0.495566,0.396127,16.322379,29.311424,2.289338,Index167_Highway-view.png,Index167_Neighbor-view.png,Index167_Mountain view.png,Index167_Range-view.png,Index167_Privacy-view.png,Index167.json
168,0.588485,0.370044,16.682316,31.173709,1.844475,Index168_Highway-view.png,Index168_Neighbor-view.png,Index168_Mountain view.png,Index168_Range-view.png,Index168_Privacy-view.png,Index168.json
169,0.508607,0.462963,17.261346,32.073552,1.808944,Index169_Highway-view.png,Index169_Neighbor-view.png,Index169_Mountain view.png,Index169_Range-view.png,Index169_Privacy-view.png,Index169.json
170,0.564032,0.449922,16.400626,31.557121,1.200806,Index170_Highway-view.png,Index170_Neighbor-view.png,Index170_Mountain view.png,Index170_Range-view.png,Index170_Privacy-view.png,Index170.json
171,0.604786,0.397757,16.729264,31.815336,1.350193,Index171_Highway-view.png,Index171_Neighbor-view.png,Index171_Mountain view.png,Index171_Range-view.png,Index171_Privacy-view.png,Index171.json
172,0.513498,0.418949,17.777778,31.173709,1.909814,Index172_Highway-view.png,Index172_Neighbor-view.png,Index172_Mountain view.png,Index172_Range-view.png,Index172_Privacy-view.png,Index172.json
173,0.477634,0.438511,17.323944,31.932707,2.191159,Index173_Highway-view.png,Index173_Neighbor-view.png,Index173_Mountain view.png,Index173_Range-view.png,Index173_Privacy-view.png,Index173.json
174,0.595005,0.397757,18.122066,32.824726,1.471078,Index174_Highway-view.png,Index174_Neighbor-view.png,Index174_Mountain view.png,Index174_Range-view.png,Index174_Privacy-view.png,Index174.json
175,0.585224,0.415689,16.541471,32.777778,1.217,Index175_Highway-view.png,Index175_Neighbor-view.png,Index175_Mountain view.png,Index175_Range-view.png,Index175_Privacy-view.png,Index175.json
176,0.598266,0.423839,17.230047,32.104851,1.626216,Index176_Highway-view.png,Index176_Neighbor-view.png,Index176_Mountain view.png,Index176_Range-view.png,Index176_Privacy-view.png,Index176.json
177,0.590115,0.446661,18.137715,33.270736,0.596055,Index177_Highway-view.png,Index177_Neighbor-view.png,Index177_Mountain view.png,Index177_Range-view.png,Index177_Privacy-view.png,Index177.json
178,0.524909,0.389606,15.680751,29.397496,2.927522,Index178_Highway-view.png,Index178_Neighbor-view.png,Index178_Mountain view.png,Index178_Range-view.png,Index178_Privacy-view.png,Index178.json
179,0.54284,0.387976,17.276995,30.422535,2.776732,Index179_Highway-view.png,Index179_Neighbor-view.png,Index179_Mountain view.png,Index179_Range-view.png,Index179_Privacy-view.png,Index179.json
180,0.590115,0.391236,16.651017,31.126761,1.596288,Index180_Highway-view.png,Index180_Neighbor-view.png,Index180_Mountain view.png,Index180_Range-view.png,Index180_Privacy-view.png,Index180.json
181,0.590115,0.394497,16.071987,30.555556,1.739468,Index181_Highway-view.png,Index181_Neighbor-view.png,Index181_Mountain view.png,Index181_Range-view.png,Index181_Privacy-view.png,Index181.json
182,0.591745,0.392866,16.463224,31.471049,1.842391,Index182_Highway-view.png,Index182_Neighbor-view.png,Index182_Mountain view.png,Index182_Range-view.png,Index182_Privacy-view.png,Index182.json
183,0.53958,0.462963,17.527387,31.784038,1.056627,Index183_Highway-view.png,Index183_Neighbor-view.png,Index183_Mountain view.png,Index183_Range-view.png,Index183_Privacy-view.png,Index183.json
184,0.454812,0.448292,17.073552,30.665102,2.133075,Index184_Highway-view.png,Index184_Neighbor-view.png,Index184_Mountain view.png,Index184_Range-view.png,Index184_Privacy-view.png,Index184.json
185,0.524909,0.415689,16.87011,30.070423,2.988538,Index185_Highway-view.png,Index185_Neighbor-view.png,Index185_Mountain view.png,Index185_Range-view.png,Index185_Privacy-view.png,Index185.json
186,0.577074,0.445031,17.370892,32.660407,1.017214,Index186_Highway-view.png,Index186_Neighbor-view.png,Index186_Mountain view.png,Index186_Range-view.png,Index186_Privacy-view.png,Index186.json
187,0.466223,0.443401,16.431925,30.907668,2.561399,Index187_Highway-view.png,Index187_Neighbor-view.png,Index187_Mountain view.png,Index187_Range-view.png,Index187_Privacy-view.png,Index187.json
188,0.467853,0.414058,16.353678,30.813772,2.256722,Index188_Highway-view.png,Index188_Neighbor-view.png,Index188_Mountain view.png,Index188_Range-view.png,Index188_Privacy-view.png,Index188.json
189,0.585224,0.405908,15.383412,29.194053,2.544437,Index189_Highway-view.png,Index189_Neighbor-view.png,Index189_Mountain view.png,Index189_Range-view.png,Index189_Privacy-view.png,Index189.json
190,0.580334,0.370044,15.915493,30.305164,2.011393,Index190_Highway-view.png,Index190_Neighbor-view.png,Index190_Mountain view.png,Index190_Range-view.png,Index190_Privacy-view.png,Index190.json
191,0.580334,0.370044,15.915493,30.305164,2.011393,Index190_Highway-view.png,Index190_Neighbor-view.png,Index190_Mountain view.png,Index190_Range-view.png,Index190_Privacy-view.png,Index190.json
192,0.611307,0.415689,18.200313,32.895149,1.024267,Index192_Highway-view.png,Index192_Neighbor-view.png,Index192_Mountain view.png,Index192_Range-view.png,Index192_Privacy-view.png,Index192.json
193,0.630869,0.401017,17.230047,31.924883,1.122256,Index193_Highway-view.png,Index193_Neighbor-view.png,Index193_Mountain view.png,Index193_Range-view.png,Index193_Privacy-view.png,Index193.json
194,0.595005,0.43525,16.306729,30.892019,1.865813,Index194_Highway-view.png,Index194_Neighbor-view.png,Index194_Mountain view.png,Index194_Range-view.png,Index194_Privacy-view.png,Index194.json
195,0.568923,0.415689,16.901408,32.441315,1.493405,Index195_Highway-view.png,Index195_Neighbor-view.png,Index195_Mountain view.png,Index195_Range-view.png,Index195_Privacy-view.png,Index195.json
196,0.547731,0.423839,17.042254,30.798122,2.131504,Index196_Highway-view.png,Index196_Neighbor-view.png,Index196_Mountain view.png,Index196_Range-view.png,Index196_Privacy-view.png,Index196.json
197,0.555882,0.443401,17.949922,32.8482,0.782755,Index197_Highway-view.png,Index197_Neighbor-view.png,Index197_Mountain view.png,Index197_Range-view.png,Index197_Privacy-view.png,Index197.json
198,0.596635,0.4271,17.323944,32.363067,1.112975,Index198_Highway-view.png,Index198_Neighbor-view.png,Index198_Mountain view.png,Index198_Range-view.png,Index198_Privacy-view.png,Index198.json
199,0.575443,0.404278,16.494523,32.449139,0.906347,Index199_Highway-view.png,Index199_Neighbor-view.png,Index199_Mountain view.png,Index199_Range-view.png,Index199_Privacy-view.png,Index199.json
200,0.575443,0.404278,16.494523,32.449139,0.906347,Index199_Highway-view.png,Index199_Neighbor-view.png,Index199_Mountain view.png,Index199_Range-view.png,Index199_Privacy-view.png,Index199.json
201,0.609677,0.43199,18.356808,33.646322,0.666239,Index201_Highway-view.png,Index201_Neighbor-view.png,Index201_Mountain view.png,Index201_Range-view.png,Index201_Privacy-view.png,Index201.json
202,0.601526,0.366784,16.416275,30.829421,1.955702,Index202_Highway-view.png,Index202_Neighbor-view.png,Index202_Mountain view.png,Index202_Range-view.png,Index202_Privacy-view.png,Index202.json
203,0.520018,0.412428,17.308294,31.267606,3.015026,Index203_Highway-view.png,Index203_Neighbor-view.png,Index203_Mountain view.png,Index203_Range-view.png,Index203_Privacy-view.png,Index203.json
204,0.562402,0.402647,16.666667,30.242567,2.072109,Index204_Highway-view.png,Index204_Neighbor-view.png,Index204_Mountain view.png,Index204_Range-view.png,Index204_Privacy-view.png,Index204.json
205,0.583594,0.386346,16.697966,32.331768,1.192336,Index205_Highway-view.png,Index205_Neighbor-view.png,Index205_Mountain view.png,Index205_Range-view.png,Index205_Privacy-view.png,Index205.json
