in:Index,out:↓ Privacy loss score,img
0,0.75971,Index0_Privacy-view.png
1,1.556095,Index1_Privacy-view.png
2,1.614123,Index2_Privacy-view.png
3,1.322965,Index3_Privacy-view.png
4,1.725101,Index4_Privacy-view.png
5,1.632201,Index5_Privacy-view.png
6,1.422357,Index6_Privacy-view.png
7,1.536857,Index7_Privacy-view.png
8,1.523274,Index8_Privacy-view.png
9,1.459449,Index9_Privacy-view.png
10,1.823852,Index10_Privacy-view.png
11,2.002174,Index11_Privacy-view.png
12,1.788023,Index12_Privacy-view.png
13,2.243889,Index13_Privacy-view.png
14,2.82482,Index14_Privacy-view.png
15,1.951731,Index15_Privacy-view.png
16,0,Index16_Privacy-view.png
17,1.372398,Index17_Privacy-view.png
18,2.373446,Index18_Privacy-view.png
19,2.1778,Index19_Privacy-view.png
20,0,Index20_Privacy-view.png
21,1.049654,Index21_Privacy-view.png
22,1.357993,Index22_Privacy-view.png
23,1.208628,Index23_Privacy-view.png
24,2.075521,Index24_Privacy-view.png
25,1.079331,Index25_Privacy-view.png
26,1.987127,Index26_Privacy-view.png
27,1.337701,Index27_Privacy-view.png
28,1.608259,Index28_Privacy-view.png
29,2.026605,Index29_Privacy-view.png
30,0.668329,Index30_Privacy-view.png
31,1.29862,Index31_Privacy-view.png
32,1.050638,Index32_Privacy-view.png
33,2.115836,Index33_Privacy-view.png
34,2.181837,Index34_Privacy-view.png
35,1.432502,Index35_Privacy-view.png
36,1.723232,Index36_Privacy-view.png
37,1.625278,Index37_Privacy-view.png
38,1.171026,Index38_Privacy-view.png
39,1.106361,Index39_Privacy-view.png
40,2.644106,Index40_Privacy-view.png
41,1.767448,Index41_Privacy-view.png
42,1.74387,Index42_Privacy-view.png
43,1.235336,Index43_Privacy-view.png
44,2.593015,Index44_Privacy-view.png
45,1.370896,Index45_Privacy-view.png
46,1.431039,Index46_Privacy-view.png
47,2.650119,Index47_Privacy-view.png
48,0.597871,Index48_Privacy-view.png
49,0.877111,Index49_Privacy-view.png
50,1.278039,Index50_Privacy-view.png
51,1.696777,Index51_Privacy-view.png
52,1.746247,Index52_Privacy-view.png
53,1.299077,Index53_Privacy-view.png
54,1.99006,Index54_Privacy-view.png
55,1.33775,Index55_Privacy-view.png
56,1.218605,Index56_Privacy-view.png
57,0,Index57_Privacy-view.png
58,2.54979,Index58_Privacy-view.png
59,1.118341,Index59_Privacy-view.png
60,0.591992,Index60_Privacy-view.png
61,2.362915,Index61_Privacy-view.png
62,1.548417,Index62_Privacy-view.png
63,1.465668,Index63_Privacy-view.png
64,1.42362,Index64_Privacy-view.png
65,3.281409,Index65_Privacy-view.png
66,2.855852,Index66_Privacy-view.png
67,2.686192,Index67_Privacy-view.png
68,1.220812,Index68_Privacy-view.png
69,1.928155,Index69_Privacy-view.png
70,1.489007,Index70_Privacy-view.png
71,1.954627,Index71_Privacy-view.png
72,1.914646,Index72_Privacy-view.png
73,2.470094,Index73_Privacy-view.png
74,2.035619,Index74_Privacy-view.png
75,1.04363,Index75_Privacy-view.png
76,1.375566,Index76_Privacy-view.png
77,1.356956,Index77_Privacy-view.png
78,1.880009,Index78_Privacy-view.png
79,2.877805,Index79_Privacy-view.png
80,1.403111,Index80_Privacy-view.png
81,1.849107,Index81_Privacy-view.png
82,1.811073,Index82_Privacy-view.png
83,3.335109,Index83_Privacy-view.png
84,0.943564,Index84_Privacy-view.png
85,1.638973,Index85_Privacy-view.png
86,1.161488,Index86_Privacy-view.png
87,0.928054,Index87_Privacy-view.png
88,1.299737,Index88_Privacy-view.png
89,2.671754,Index89_Privacy-view.png
90,1.807037,Index90_Privacy-view.png
91,1.095416,Index91_Privacy-view.png
92,1.632673,Index92_Privacy-view.png
93,1.298895,Index93_Privacy-view.png
94,2.48749,Index94_Privacy-view.png
95,2.273242,Index95_Privacy-view.png
96,2.610296,Index96_Privacy-view.png
97,0.929573,Index97_Privacy-view.png
98,1.045983,Index98_Privacy-view.png
99,1.111777,Index99_Privacy-view.png
100,1.284402,Index100_Privacy-view.png
101,1.515791,Index101_Privacy-view.png
102,1.262928,Index102_Privacy-view.png
103,1.82625,Index103_Privacy-view.png
104,2.397857,Index104_Privacy-view.png
105,2.418591,Index105_Privacy-view.png
106,1.549211,Index106_Privacy-view.png
107,1.313269,Index107_Privacy-view.png
108,2.519545,Index108_Privacy-view.png
109,1.383,Index109_Privacy-view.png
110,1.475124,Index110_Privacy-view.png
111,2.704796,Index111_Privacy-view.png
112,1.672412,Index112_Privacy-view.png
113,1.239734,Index113_Privacy-view.png
114,1.376784,Index114_Privacy-view.png
115,2.063141,Index115_Privacy-view.png
116,1.807281,Index116_Privacy-view.png
117,2.261937,Index117_Privacy-view.png
118,1.728062,Index118_Privacy-view.png
119,2.482865,Index119_Privacy-view.png
120,1.564134,Index120_Privacy-view.png
121,1.2693,Index121_Privacy-view.png
122,2.950224,Index122_Privacy-view.png
123,1.456636,Index123_Privacy-view.png
124,2.162893,Index124_Privacy-view.png
125,2.950807,Index125_Privacy-view.png
126,0,Index126_Privacy-view.png
127,1.957502,Index127_Privacy-view.png
128,0.984638,Index128_Privacy-view.png
129,3.077399,Index129_Privacy-view.png
130,1.276592,Index130_Privacy-view.png
131,1.752785,Index131_Privacy-view.png
132,0.880614,Index132_Privacy-view.png
133,1.257375,Index133_Privacy-view.png
134,2.499841,Index134_Privacy-view.png
135,1.214222,Index135_Privacy-view.png
136,1.816688,Index136_Privacy-view.png
137,1.052375,Index137_Privacy-view.png
138,1.632644,Index138_Privacy-view.png
139,1.798942,Index139_Privacy-view.png
140,1.766496,Index140_Privacy-view.png
141,2.095248,Index141_Privacy-view.png
142,2.404254,Index142_Privacy-view.png
143,1.311328,Index143_Privacy-view.png
144,2.133986,Index144_Privacy-view.png
145,1.059982,Index145_Privacy-view.png
146,2.311875,Index146_Privacy-view.png
147,2.496516,Index147_Privacy-view.png
148,2.308518,Index148_Privacy-view.png
149,1.537187,Index149_Privacy-view.png
150,1.091375,Index150_Privacy-view.png
151,1.552223,Index151_Privacy-view.png
152,1.113968,Index152_Privacy-view.png
153,1.428178,Index153_Privacy-view.png
154,1.757608,Index154_Privacy-view.png
155,2.532211,Index155_Privacy-view.png
156,2.819094,Index156_Privacy-view.png
157,1.422803,Index157_Privacy-view.png
158,2.683468,Index158_Privacy-view.png
159,1.75214,Index159_Privacy-view.png
160,1.851328,Index160_Privacy-view.png
161,1.288713,Index161_Privacy-view.png
162,1.277523,Index162_Privacy-view.png
163,1.346124,Index163_Privacy-view.png
164,1.216729,Index164_Privacy-view.png
165,0.621146,Index165_Privacy-view.png
166,1.403709,Index166_Privacy-view.png
167,2.651511,Index167_Privacy-view.png
168,1.848389,Index168_Privacy-view.png
169,0.902245,Index169_Privacy-view.png
170,1.174977,Index170_Privacy-view.png
171,2.265206,Index171_Privacy-view.png
172,2.731704,Index172_Privacy-view.png
173,0.813073,Index173_Privacy-view.png
174,1.957407,Index174_Privacy-view.png
175,2.599962,Index175_Privacy-view.png
176,2.974813,Index176_Privacy-view.png
177,1.274095,Index177_Privacy-view.png
178,1.179116,Index178_Privacy-view.png
179,1.817074,Index179_Privacy-view.png
180,1.618436,Index180_Privacy-view.png
181,2.585123,Index181_Privacy-view.png
182,1.702637,Index182_Privacy-view.png
183,1.709956,Index183_Privacy-view.png
184,2.035862,Index184_Privacy-view.png
185,1.240245,Index185_Privacy-view.png
186,0.909314,Index186_Privacy-view.png
187,1.330891,Index187_Privacy-view.png
188,1.230981,Index188_Privacy-view.png
189,1.406017,Index189_Privacy-view.png
190,2.161288,Index190_Privacy-view.png
191,2.012601,Index191_Privacy-view.png
192,2.593867,Index192_Privacy-view.png
193,2.624988,Index193_Privacy-view.png
194,1.530899,Index194_Privacy-view.png
195,1.711427,Index195_Privacy-view.png
196,1.684655,Index196_Privacy-view.png
197,2.367789,Index197_Privacy-view.png
198,1.45004,Index198_Privacy-view.png
199,1.105708,Index199_Privacy-view.png
200,2.181086,Index200_Privacy-view.png
201,1.226463,Index201_Privacy-view.png
202,1.521895,Index202_Privacy-view.png
203,2.20219,Index203_Privacy-view.png
204,1.215605,Index204_Privacy-view.png
205,2.00185,Index205_Privacy-view.png
206,2.360113,Index206_Privacy-view.png
207,1.112652,Index207_Privacy-view.png
208,1.714815,Index208_Privacy-view.png
209,1.697166,Index209_Privacy-view.png
210,0,Index210_Privacy-view.png
211,2.188565,Index211_Privacy-view.png
212,1.435733,Index212_Privacy-view.png
213,2.012952,Index213_Privacy-view.png
214,2.002915,Index214_Privacy-view.png
215,1.449783,Index215_Privacy-view.png
216,1.779808,Index216_Privacy-view.png
217,2.899032,Index217_Privacy-view.png
218,1.887333,Index218_Privacy-view.png
219,2.376899,Index219_Privacy-view.png
220,1.684123,Index220_Privacy-view.png
221,2.343812,Index221_Privacy-view.png
222,2.503044,Index222_Privacy-view.png
223,1.087982,Index223_Privacy-view.png
224,1.72469,Index224_Privacy-view.png
225,1.63445,Index225_Privacy-view.png
226,1.231712,Index226_Privacy-view.png
227,2.220029,Index227_Privacy-view.png
228,0.884423,Index228_Privacy-view.png
229,1.224847,Index229_Privacy-view.png
230,1.301034,Index230_Privacy-view.png
231,1.336647,Index231_Privacy-view.png
232,2.320042,Index232_Privacy-view.png
233,2.867427,Index233_Privacy-view.png
234,1.153409,Index234_Privacy-view.png
235,1.725816,Index235_Privacy-view.png
236,1.76001,Index236_Privacy-view.png
237,1.494395,Index237_Privacy-view.png
238,1.223,Index238_Privacy-view.png
239,1.564938,Index239_Privacy-view.png
240,2.490673,Index240_Privacy-view.png
241,2.048458,Index241_Privacy-view.png
242,1.592452,Index242_Privacy-view.png
243,1.142938,Index243_Privacy-view.png
244,2.72762,Index244_Privacy-view.png
245,2.073269,Index245_Privacy-view.png
246,1.352595,Index246_Privacy-view.png
247,1.825022,Index247_Privacy-view.png
248,1.439025,Index248_Privacy-view.png
249,1.144659,Index249_Privacy-view.png
250,0.972185,Index250_Privacy-view.png
251,2.615966,Index251_Privacy-view.png
252,2.388453,Index252_Privacy-view.png
