in:Index,out:N  of Keys,out:Highway visibility,out:Res  area visibility,out:Mountains visibility,out:Open view perc,out:Privacy loss,img,threeD
0,105,1.322751,3.465608,17.333333,37.984127,0.187819,Index0_Top.png,Index0.json
1,117,1.510565,3.944088,16.980057,38.618234,0.20616,Index1_Top.png,Index1.json
2,123,1.081188,4.448961,17.235772,37.818428,0.291503,Index2_Top.png,Index2.json
3,3,1000,1000,0,-999,1000,Index3_Top.png,Index3.json
4,105,0.945767,3.809524,15.68254,38.793651,0.186233,Index4_Top.png,Index4.json
5,126,1.430225,4.183201,16.693122,38.002646,0.197955,Index5_Top.png,Index5.json
6,105,1.365741,3.630952,16.952381,36.126984,0.201923,Index6_Top.png,Index6.json
7,108,1.385674,4.475309,18.611111,36.157407,0.187524,Index7_Top.png,Index7.json
8,114,1.254873,4.148392,17.280702,37.616959,0.151469,Index8_Top.png,Index8.json
9,102,1.249319,3.479031,18.267974,38.70915,0.185786,Index9_Top.png,Index9.json
10,117,1.320632,4.591049,17.236467,38.034188,0.164137,Index10_Top.png,Index10.json
11,117,1.326567,4.362536,17.749288,37.792023,0.184737,Index11_Top.png,Index11.json
12,114,1.267057,4.1423,17.368421,37.52924,0.19,Index12_Top.png,Index12.json
13,114,0.95943,3.974781,17.192982,37.865497,0.206286,Index13_Top.png,Index13.json
14,114,1.465034,4.160575,18.128655,38.143275,0.199325,Index14_Top.png,Index14.json
15,114,1.324927,4.440789,17.251462,39.078947,0.185657,Index15_Top.png,Index15.json
16,102,1.065496,3.781999,15.718954,39.281046,0.170278,Index16_Top.png,Index16.json
17,108,1.385674,4.475309,18.611111,36.157407,0.187524,Index17_Top.png,Index17.json
18,117,1.267213,4.656339,17.264957,39.188034,0.220435,Index18_Top.png,Index18.json
19,108,1.077032,3.93197,16.635802,36.91358,0.198367,Index19_Top.png,Index19.json
20,108,1.218493,4.365998,17.777778,37.932099,0.220075,Index20_Top.png,Index20.json
21,114,1.136087,3.846857,17.719298,38.128655,0.194551,Index21_Top.png,Index21.json
22,102,1.051879,4.01348,16.013072,36.960784,0.191602,Index22_Top.png,Index22.json
23,111,1.460836,3.963338,16.906907,36.456456,0.194338,Index23_Top.png,Index23.json
24,120,1.264468,4.16088,16.111111,37.583333,0.179104,Index24_Top.png,Index24.json
25,111,1.37012,3.734985,16.366366,37.042042,0.180395,Index25_Top.png,Index25.json
26,111,1.08546,4.097848,17.987988,37.957958,0.175763,Index26_Top.png,Index26.json
27,114,1.349293,4.836745,17.953216,37.134503,0.188348,Index27_Top.png,Index27.json
28,108,1.012731,3.813014,16.111111,37.685185,0.195705,Index28_Top.png,Index28.json
29,114,1.282286,3.944323,16.783626,37.675439,0.193393,Index29_Top.png,Index29.json
30,108,1.359954,4.420653,16.604938,39.166667,0.179171,Index30_Top.png,Index30.json
31,111,1.542167,4.307432,17.027027,35.900901,0.219235,Index31_Top.png,Index31.json
32,111,1.363864,3.57545,17.267267,37.822823,0.196507,Index32_Top.png,Index32.json
33,123,0.993677,3.935185,16.314363,38.238482,0.233472,Index33_Top.png,Index33.json
34,108,1.340664,4.021991,16.574074,37.993827,0.186029,Index34_Top.png,Index34.json
35,102,0.796569,4.115605,18.039216,38.562092,0.224708,Index35_Top.png,Index35.json
36,105,1.484788,3.769841,16.888889,36.174603,0.209601,Index36_Top.png,Index36.json
37,111,1.388889,3.778779,17.117117,38.378378,0.206382,Index37_Top.png,Index37.json
38,123,1.16023,3.918248,16.693767,39.336043,0.221508,Index38_Top.png,Index38.json
39,114,1.075171,4.49866,17.631579,38.654971,0.192249,Index39_Top.png,Index39.json
40,108,1.221708,3.986626,17.530864,37.175926,0.217207,Index40_Top.png,Index40.json
41,120,1.082176,4.100116,16.5,38.361111,0.188729,Index41_Top.png,Index41.json
42,117,1.320632,4.487179,18.461538,37.450142,0.194723,Index42_Top.png,Index42.json
43,102,1.065496,4.139434,17.679739,38.937908,0.185455,Index43_Top.png,Index43.json
44,114,1.200049,3.996101,16.520468,39.429825,0.199938,Index44_Top.png,Index44.json
45,114,1.413255,3.886452,17.105263,37.149123,0.239779,Index45_Top.png,Index45.json
46,111,1.595345,4.269895,16.636637,39.009009,0.159805,Index46_Top.png,Index46.json
47,111,1.129254,3.806932,16.966967,38.843844,0.196194,Index47_Top.png,Index47.json
48,111,1.022898,3.963338,17.597598,38.273273,0.196507,Index48_Top.png,Index48.json
49,117,1.507597,4.929368,16.894587,36.923077,0.198968,Index49_Top.png,Index49.json
50,108,1.006301,3.700489,17.376543,39.089506,0.205352,Index50_Top.png,Index50.json
51,108,1.604295,4.208462,17.283951,38.765432,0.179446,Index51_Top.png,Index51.json
52,117,1.403727,3.659188,16.638177,36.851852,0.207409,Index52_Top.png,Index52.json
53,114,1.522904,4.416423,17.368421,38.845029,0.187803,Index53_Top.png,Index53.json
54,117,1.50463,4.31802,16.923077,36.225071,0.198104,Index54_Top.png,Index54.json
55,108,1.353524,3.90625,18.45679,38.040123,0.199726,Index55_Top.png,Index55.json
56,126,1.353064,4.329255,17.195767,36.997354,0.185902,Index56_Top.png,Index56.json
57,117,1.27018,3.923314,16.068376,38.361823,0.166939,Index57_Top.png,Index57.json
58,111,1.223098,3.70996,16.666667,38.183183,0.187534,Index58_Top.png,Index58.json
59,111,1.310686,3.935185,15.855856,36.951952,0.218071,Index59_Top.png,Index59.json
60,120,1.206597,4.447338,16.75,37.402778,0.204255,Index60_Top.png,Index60.json
61,126,1.455026,4.08675,16.693122,36.759259,0.197709,Index61_Top.png,Index61.json
62,111,1.426426,3.725601,16.606607,37.387387,0.205008,Index62_Top.png,Index62.json
63,108,1.286008,4.227752,16.419753,38.194444,0.18225,Index63_Top.png,Index63.json
64,123,1.261856,4.234417,17.588076,39.119241,0.206398,Index64_Top.png,Index64.json
65,114,1.267057,4.398148,17.660819,38.216374,0.170105,Index65_Top.png,Index65.json
66,117,1.077279,3.920347,17.891738,38.176638,0.199258,Index66_Top.png,Index66.json
67,120,1.385995,4.212963,16.75,36.513889,0.195918,Index67_Top.png,Index67.json
68,111,1.898774,4.360611,17.357357,38.468468,0.200016,Index68_Top.png,Index68.json
69,120,1.160301,4.31713,17.388889,38.138889,0.217852,Index69_Top.png,Index69.json
70,111,1.357608,4.204204,17.237237,37.327327,0.184446,Index70_Top.png,Index70.json
71,126,1.496362,4.27414,16.719577,38.716931,0.165375,Index71_Top.png,Index71.json
72,111,1.329454,4.588964,17.747748,37.207207,0.204328,Index72_Top.png,Index72.json
73,114,1.556408,4.389011,17.046784,37.631579,0.20434,Index73_Top.png,Index73.json
74,117,1.362179,4.653371,18.091168,37.393162,0.187008,Index74_Top.png,Index74.json
75,114,1.318835,4.239766,17.368421,37.982456,0.201176,Index75_Top.png,Index75.json
76,111,1.21997,3.825701,17.657658,37.147147,0.193422,Index76_Top.png,Index76.json
77,114,1.516813,4.516935,17.690058,38.318713,0.176098,Index77_Top.png,Index77.json
78,114,1.221369,4.821516,17.251462,37.719298,0.172132,Index78_Top.png,Index78.json
79,111,1.06982,3.863238,16.696697,36.891892,0.186118,Index79_Top.png,Index79.json
80,123,1.645777,4.350158,16.99187,36.626016,0.205837,Index80_Top.png,Index80.json
81,117,1.433405,3.659188,16.524217,37.336182,0.219727,Index81_Top.png,Index81.json
82,114,1.41021,4.602217,15.526316,37.5,0.21375,Index82_Top.png,Index82.json
83,102,1.245915,3.81604,17.54902,36.993464,0.198171,Index83_Top.png,Index83.json
84,117,1.19302,3.754155,16.666667,37.592593,0.212233,Index84_Top.png,Index84.json
85,114,1.446759,4.251949,18.274854,37.192982,0.176816,Index85_Top.png,Index85.json
86,120,1.195023,4.586227,16.972222,39.25,0.169811,Index86_Top.png,Index86.json
87,111,1.682933,3.907032,16.216216,35.885886,0.209898,Index87_Top.png,Index87.json
88,117,1.371083,3.507835,15.527066,36.623932,0.22815,Index88_Top.png,Index88.json
89,114,1.032529,4.157529,16.988304,37.55848,0.200866,Index89_Top.png,Index89.json
90,117,1.311728,3.950024,17.635328,37.692308,0.203101,Index90_Top.png,Index90.json
91,111,1.47022,3.925801,16.816817,36.906907,0.218845,Index91_Top.png,Index91.json
92,114,1.264011,3.82249,17.836257,37.953216,0.190837,Index92_Top.png,Index92.json
93,111,1.388889,3.89452,16.876877,39.129129,0.175513,Index93_Top.png,Index93.json
94,120,1.359954,3.559028,16.388889,37.930556,0.207792,Index94_Top.png,Index94.json
95,123,1.349368,4.073509,16.287263,37.669377,0.230977,Index95_Top.png,Index95.json
96,126,1.463294,4.081239,17.116402,38.425926,0.202759,Index96_Top.png,Index96.json
97,108,1.157407,3.780864,16.882716,38.641975,0.177805,Index97_Top.png,Index97.json
98,120,1.576968,4.059606,16.444444,38.583333,0.162712,Index98_Top.png,Index98.json
99,117,1.124763,4.145893,16.581197,38.746439,0.181793,Index99_Top.png,Index99.json
100,117,1.466049,4.196344,16.809117,38.760684,0.176178,Index100_Top.png,Index100.json
101,108,1.295653,4.292052,17.098765,37.762346,0.178896,Index101_Top.png,Index101.json
102,120,1.409144,4.094329,16.861111,37.541667,0.18677,Index102_Top.png,Index102.json
103,105,1.028439,3.587963,16.412698,38.015873,0.180738,Index103_Top.png,Index103.json
104,108,1.263503,3.597608,16.388889,38.287037,0.191842,Index104_Top.png,Index104.json
105,117,1.418566,3.626543,16.752137,36.837607,0.22079,Index105_Top.png,Index105.json
106,117,1.136633,3.665123,17.350427,39.002849,0.180356,Index106_Top.png,Index106.json
107,114,1.032529,3.935185,18.070175,38.669591,0.187803,Index107_Top.png,Index107.json
108,108,0.954861,3.761574,16.728395,37.021605,0.195705,Index108_Top.png,Index108.json
